,annee,mois_x,min_moyenne_c,max_moyenne_c,T_moyenne_c,tot_precip_mm,Code département,département,Blancs et nuls,Exprimés,Inscrits,Votants,Abstention,Votants (%),Abstention (%)
0,1981,4,5.3,15.7,10.5,31.0,01,AIN,3243.0,202275.0,262049.0,205518.0,56531.0,78.43,21.57
1,1981,4,5.4,12.6,9.0,13.1,02,AISNE,4981.0,299795.0,359922.0,304776.0,55146.0,84.68,15.32
2,1981,4,4.4,16.3,10.5,30.6,03,ALLIER,3648.0,218640.0,266534.0,222288.0,44246.0,83.4,16.6
3,1981,4,6.8,17.4,12.1,77.0,04,ALPES-DE-HAUTE-PROVENCE,1202.0,69705.0,87632.0,70907.0,16725.0,80.91,19.09
4,1981,4,5.7,15.8,10.7,46.2,05,HAUTES-ALPES,1100.0,58106.0,75034.0,59206.0,15828.0,78.91,21.09
5,1981,4,10.6,16.8,13.7,70.7,06,ALPES-MARITIMES,6471.0,465062.0,594882.0,471533.0,123349.0,79.26,20.74
6,1981,4,6.2,15.9,11.0,88.1,09,ARIEGE,1305.0,84748.0,106918.0,86053.0,20865.0,80.49,19.51
7,1981,4,5.4,14.5,9.9,11.9,10,AUBE,2569.0,151881.0,188500.0,154450.0,34050.0,81.94,18.06
8,1981,4,8.5,17.2,12.7,71.8,11,AUDE,2947.0,168211.0,205011.0,171158.0,33853.0,83.49,16.51
9,1981,4,6.0,14.3,10.1,22.9,12,AVEYRON,3458.0,170524.0,209707.0,173982.0,35725.0,82.96,17.04
10,1981,4,9.35,18.55,13.95,34.099999999999994,13,BOUCHES-DU-RHONE,11383.0,800797.0,1036072.0,812180.0,223892.0,78.39,21.61
11,1981,4,5.85,11.8,8.85,44.45,14,CALVADOS,4662.0,317584.0,389724.0,322246.0,67478.0,82.69,17.31
12,1981,4,4.0,14.6,9.3,22.6,15,CANTAL,1056.0,100016.0,124516.0,101072.0,23444.0,81.17,18.83
13,1981,4,7.3,16.8,12.0,30.3,16,CHARENTE,3317.0,200188.0,245614.0,203505.0,42109.0,82.86,17.14
14,1981,4,8.233333333333333,15.033333333333333,11.666666666666664,15.4,17,CHARENTE-MARITIME,4279.0,288745.0,366238.0,293024.0,73214.0,80.01,19.99
15,1981,4,6.35,15.3,10.55,21.7,18,CHER,3169.0,179628.0,219990.0,182797.0,37193.0,83.09,16.91
16,1981,4,6.7,16.2,11.5,22.7,21,COTE-D'OR,3383.0,238117.0,299836.0,241500.0,58336.0,80.54,19.46
17,1981,4,7.9,11.0,9.5,39.3,22,COTES-D'ARMOR,3263.0,331556.0,395841.0,334819.0,61022.0,84.58,15.42
18,1981,4,6.1,17.6,11.8,17.5,24,DORDOGNE,4195.0,244662.0,293705.0,248857.0,44848.0,84.73,15.27
19,1981,4,5.4,15.8,10.5,41.3,25,DOUBS,3747.0,236711.0,294723.0,240458.0,54265.0,81.59,18.41
20,1981,4,7.1,18.6,13.0,29.9,26,DROME,3664.0,202271.0,256765.0,205935.0,50830.0,80.2,19.8
21,1981,4,5.6,12.7,9.2,31.2,27,EURE,4444.0,253978.0,308565.0,258422.0,50143.0,83.75,16.25
22,1981,4,6.1,13.35,9.75,42.1,28,EURE-ET-LOIR,3436.0,195583.0,238034.0,199019.0,39015.0,83.61,16.39
23,1981,4,7.416666666666668,12.716666666666667,10.083333333333334,22.08333333333333,29,FINISTERE,4951.0,486382.0,595399.0,491333.0,104066.0,82.52,17.48
24,1981,4,10.5,17.866666666666667,14.2,56.23333333333333,2A,CORSE-DU-SUD,736.0,72699.0,115613.0,73435.0,42178.0,63.52,36.48
25,1981,4,11.166666666666664,17.666666666666668,14.4,14.366666666666667,2B,HAUTE-CORSE,804.0,59362.0,90290.0,60166.0,30124.0,66.64,33.36
26,1981,4,7.225,15.325,11.275,32.6,30,GARD,5275.0,290111.0,363870.0,295386.0,68484.0,81.18,18.82
27,1981,4,7.3,17.8,12.4,43.7,31,HAUTE-GARONNE,6481.0,419495.0,528245.0,425976.0,102269.0,80.64,19.36
28,1981,4,6.55,17.25,11.85,31.35,33,GIRONDE,8673.0,587203.0,735373.0,595876.0,139497.0,81.03,18.97
29,1981,4,9.65,17.5,13.55,27.700000000000006,34,HERAULT,7664.0,363304.0,458322.0,370968.0,87354.0,80.94,19.06
30,1981,4,6.3,13.4,9.75,35.9,35,ILLE-ET-VILAINE,5767.0,400516.0,591872.0,406283.0,185589.0,68.64,31.36
31,1981,4,5.7,15.3,10.8,12.7,36,INDRE,3037.0,146691.0,180653.0,149728.0,30925.0,82.88,17.12
32,1981,4,7.2,15.4,11.3,68.0,37,INDRE-ET-LOIRE,5222.0,263044.0,329781.0,268266.0,61515.0,81.35,18.65
33,1981,4,5.4,15.8,10.6,32.5,38,ISERE,7107.0,436737.0,559964.0,443844.0,116120.0,79.26,20.74
34,1981,4,8.066666666666668,17.166666666666668,12.633333333333333,41.333333333333336,40,LANDES,2902.0,183202.0,219367.0,186104.0,33263.0,84.84,15.16
35,1981,4,4.949999999999998,14.05,9.5,13.75,42,LOIRE,6124.0,370753.0,475584.0,376877.0,98707.0,79.25,20.75
36,1981,4,7.0,14.45,10.75,12.6,44,LOIRE-ATLANTIQUE,7898.0,523938.0,653079.0,531836.0,121243.0,81.44,18.56
37,1981,4,5.4,14.3,9.8,35.8,45,LOIRET,5803.0,278383.0,340623.0,284186.0,56437.0,83.43,16.57
38,1981,4,7.2,17.7,12.4,26.2,46,LOT,1464.0,97543.0,117141.0,99007.0,18134.0,84.52,15.48
39,1981,4,6.6,17.5,12.0,38.2,47,LOT-ET-GARONNE,3149.0,176582.0,215100.0,179731.0,35369.0,83.56,16.44
40,1981,4,6.4,14.4,10.4,17.1,49,MAINE-ET-LOIRE,6757.0,351677.0,429921.0,358434.0,71487.0,83.37,16.63
41,1981,4,6.866666666666667,11.1,9.0,20.633333333333333,50,MANCHE,3826.0,265993.0,327073.0,269819.0,57254.0,82.5,17.5
42,1981,4,4.6,14.0,9.3,25.2,51,MARNE,4290.0,274623.0,342529.0,278913.0,63616.0,81.43,18.57
43,1981,4,5.6,13.8,9.8,25.55,52,HAUTE-MARNE,2310.0,115202.0,144770.0,117512.0,27258.0,81.17,18.83
44,1981,4,5.033333333333332,13.8,9.466666666666667,33.300000000000004,54,MEURTHE-ET-MOSELLE,5620.0,368261.0,464377.0,373881.0,90496.0,80.51,19.49
45,1981,4,3.3,12.3,7.8,32.6,55,MEUSE,2083.0,113306.0,138804.0,115389.0,23415.0,83.13,16.87
46,1981,4,7.3,13.333333333333336,10.333333333333334,18.933333333333334,56,MORBIHAN,4046.0,340699.0,413783.0,344745.0,69038.0,83.32,16.68
47,1981,4,5.4,14.5,10.0,34.9,57,MOSELLE,9541.0,506549.0,634070.0,516090.0,117980.0,81.39,18.61
48,1981,4,6.8,15.4,11.1,6.6,58,NIEVRE,2036.0,142168.0,177002.0,144204.0,32798.0,81.47,18.53
49,1981,4,6.25,11.7,8.95,22.1,59,NORD,24866.0,1338746.0,1602010.0,1363612.0,238398.0,85.12,14.88
50,1981,4,5.3,13.25,9.35,22.55,60,OISE,5308.0,340801.0,409466.0,346109.0,63357.0,84.53,15.47
51,1981,4,6.4,14.1,10.3,33.5,61,ORNE,2662.0,168934.0,205643.0,171596.0,34047.0,83.44,16.56
52,1981,4,5.7666666666666675,11.733333333333334,8.766666666666666,20.233333333333334,62,PAS-DE-CALAIS,16480.0,800384.0,945534.0,816864.0,128670.0,86.39,13.61
53,1981,4,5.4,16.1,10.8,14.7,63,PUY-DE-DOME,4286.0,317271.0,387673.0,321557.0,66116.0,82.95,17.05
54,1981,4,8.0,16.2,12.05,91.05,64,PYRENEES-ATLANTIQUES,3922.0,316214.0,391922.0,320136.0,71786.0,81.68,18.32
55,1981,4,6.7,15.3,11.0,107.7,65,HAUTES-PYRENEES,2096.0,131460.0,168040.0,133556.0,34484.0,79.48,20.52
56,1981,4,9.8,18.0,13.8,119.6,66,PYRENEES-ORIENTALES,3153.0,171738.0,224924.0,174891.0,50033.0,77.76,22.24
57,1981,4,5.5,15.6,10.3,15.9,67,BAS-RHIN,9114.0,458289.0,580138.0,467403.0,112735.0,80.57,19.43
58,1981,4,6.0,15.85,10.95,15.1,68,HAUT-RHIN,8399.0,322444.0,413346.0,330843.0,82503.0,80.04,19.96
59,1981,4,6.25,16.450000000000006,11.4,27.85,69,RHONE,9943.0,660382.0,849050.0,670325.0,178725.0,78.95,21.05
60,1981,4,4.6,15.9,10.2,32.9,70,HAUTE-SAONE,2536.0,128549.0,159659.0,131085.0,28574.0,82.1,17.9
61,1981,4,5.766666666666667,14.800000000000002,10.333333333333334,15.6,71,SAONE-ET-LOIRE,5008.0,304883.0,388716.0,309891.0,78825.0,79.72,20.28
62,1981,4,6.7,15.0,10.9,1.0,72,SARTHE,5400.0,282878.0,346102.0,288278.0,57824.0,83.29,16.71
63,1981,4,5.25,16.5,10.85,24.15,73,SAVOIE,2517.0,165870.0,215347.0,168387.0,46960.0,78.19,21.81
64,1981,4,7.7,14.5,11.1,24.8,75,PARIS,10802.0,975243.0,1272576.0,986045.0,286531.0,77.48,22.52
65,1981,4,5.8,12.15,9.0,28.3,76,SEINE-MARITIME,10204.0,644017.0,783080.0,654221.0,128859.0,83.54,16.46
66,1981,4,6.2,13.4,9.8,25.6,78,YVELINES,8628.0,573464.0,710334.0,582092.0,128242.0,81.95,18.05
67,1981,4,4.9,11.7,8.3,29.1,80,SOMME,5537.0,316710.0,372391.0,322247.0,50144.0,86.53,13.47
68,1981,4,11.0,17.3,14.1,47.6,83,VAR,5977.0,374433.0,470803.0,380410.0,90393.0,80.8,19.2
69,1981,4,8.5,19.0,13.7,31.5,84,VAUCLUSE,4864.0,222033.0,275600.0,226897.0,48703.0,82.33,17.67
70,1981,4,8.1,13.3,10.7,31.4,85,VENDEE,5060.0,282738.0,335692.0,287798.0,47894.0,85.73,14.27
71,1981,4,5.6,15.4,10.5,16.9,86,VIENNE,4198.0,211292.0,259373.0,215490.0,43883.0,83.08,16.92
72,1981,4,6.7,14.7,10.7,19.5,87,HAUTE-VIENNE,3946.0,216512.0,259988.0,220458.0,39530.0,84.8,15.2
73,1981,4,6.1,14.7,10.4,21.3,89,YONNE,3235.0,173574.0,216320.0,176809.0,39511.0,81.73,18.27
74,1981,4,5.2,14.1,9.7,56.4,90,TERRITOIRE DE BELFORT,1269.0,64984.0,81325.0,66253.0,15072.0,81.47,18.53
75,1981,4,6.4,14.2,10.3,24.5,91,ESSONNE,7359.0,480726.0,594642.0,488085.0,106557.0,82.08,17.92
76,1981,4,6.1,14.3,10.2,32.1,93,SEINE-SAINT-DENIS,11363.0,579422.0,745572.0,590785.0,154787.0,79.24,20.76
77,1981,4,5.9,13.9,9.9,35.9,95,VAL-D'OISE,7498.0,428931.0,533942.0,436429.0,97513.0,81.74,18.26
78,1988,4,4.7,13.3,9.2,35.8,10,AUBE,4737.0,151483.0,192336.0,156220.0,36116.0,81.22,18.78
79,1988,4,7.4,17.7,12.7,17.3,11,AUDE,3750.0,179923.0,216722.0,183673.0,33049.0,84.75,15.25
80,1988,4,5.3,15.8,10.6,18.4,12,AVEYRON,4192.0,175305.0,212409.0,179497.0,32912.0,84.51,15.49
81,1988,4,6.1,12.2,9.1,57.5,14,CALVADOS,6460.0,333018.0,414386.0,339478.0,74908.0,81.92,18.08
82,1988,4,3.4,15.4,9.8,28.3,15,CANTAL,1831.0,101737.0,125240.0,103568.0,21672.0,82.7,17.3
83,1988,4,7.2,16.8,12.0,28.6,16,CHARENTE,4861.0,203288.0,252073.0,208149.0,43924.0,82.57,17.43
84,1988,4,8.5,15.233333333333334,12.033333333333333,6.333333333333332,17,CHARENTE-MARITIME,6707.0,299939.0,380931.0,306646.0,74285.0,80.5,19.5
85,1988,4,6.0,14.2,10.3,67.7,18,CHER,5034.0,181212.0,225337.0,186246.0,39091.0,82.65,17.35
86,1988,4,5.6,14.3,9.9,100.7,21,COTE-D'OR,4685.0,250227.0,312752.0,254912.0,57840.0,81.51,18.49
87,1988,4,7.05,11.4,9.15,62.65000000000001,22,COTES-D'ARMOR,5643.0,347495.0,412856.0,353138.0,59718.0,85.54,14.46
88,1988,4,5.2,13.7,9.7,58.3,23,CREUSE,2229.0,86933.0,111152.0,89162.0,21990.0,80.22,19.78
89,1988,4,5.3,18.3,12.2,10.1,24,DORDOGNE,6317.0,251557.0,302007.0,257874.0,44133.0,85.39,14.61
90,1988,4,5.7,14.4,10.0,70.1,25,DOUBS,5172.0,250444.0,306829.0,255616.0,51213.0,83.31,16.69
91,1988,4,8.0,17.3,12.7,36.6,26,DROME,4576.0,221206.0,274843.0,225782.0,49061.0,82.15,17.85
92,1988,4,5.4,12.3,9.0,17.1,27,EURE,6501.0,272666.0,336347.0,279167.0,57180.0,83.0,17.0
93,1988,4,5.3,13.3,9.7,40.0,28,EURE-ET-LOIR,4412.0,209405.0,256470.0,213817.0,42653.0,83.37,16.63
94,1988,4,7.575000000000001,12.75,9.975,39.625,29,FINISTERE,6482.0,505646.0,615200.0,512128.0,103072.0,83.25,16.75
95,1988,4,8.9,17.200000000000006,13.075,38.65,2A,CORSE-DU-SUD,1058.0,61927.0,92030.0,62985.0,29045.0,68.44,31.56
96,1988,4,8.9,17.200000000000006,13.1,87.23333333333332,2B,HAUTE-CORSE,1239.0,75255.0,114551.0,76494.0,38057.0,66.78,33.22
97,1988,4,7.425000000000002,15.55,11.5,60.05,30,GARD,6504.0,319464.0,394405.0,325968.0,68437.0,82.65,17.35
98,1988,4,6.6,17.2,12.1,32.6,31,HAUTE-GARONNE,8432.0,470504.0,587570.0,478936.0,108634.0,81.51,18.49
99,1988,4,4.0,17.8,11.1,5.3,32,GERS,2526.0,111208.0,138019.0,113734.0,24285.0,82.4,17.6
100,1988,4,7.0,17.6,12.5,24.1,33,GIRONDE,11263.0,627507.0,775467.0,638770.0,136697.0,82.37,17.63
101,1988,4,9.6,18.45,14.0,49.8,34,HERAULT,7145.0,415050.0,516321.0,422195.0,94126.0,81.77,18.23
102,1988,4,7.2333333333333325,12.466666666666667,9.833333333333334,16.400000000000002,35,ILLE-ET-VILAINE,8507.0,432401.0,531342.0,440908.0,90434.0,82.98,17.02
103,1988,4,5.9,14.5,10.2,61.4,36,INDRE,4438.0,147931.0,181927.0,152369.0,29558.0,83.75,16.25
104,1988,4,5.9,13.9,10.0,18.3,37,INDRE-ET-LOIRE,6690.0,279289.0,351292.0,285979.0,65313.0,81.41,18.59
105,1988,4,2.8,13.6,8.25,18.15,38,ISERE,9067.0,492308.0,611953.0,501375.0,110578.0,81.93,18.07
106,1988,4,5.5,19.1,12.7,9.6,40,LANDES,3944.0,195604.0,233725.0,199548.0,34177.0,85.38,14.62
107,1988,4,5.7,14.2,10.0,0.0,42,LOIRE,7723.0,373215.0,477662.0,380938.0,96724.0,79.75,20.25
108,1988,4,2.0,13.3,7.7,40.9,43,HAUTE-LOIRE,3020.0,126073.0,156620.0,129093.0,27527.0,82.42,17.58
109,1988,4,6.85,14.65,10.65,13.2,44,LOIRE-ATLANTIQUE,11548.0,562105.0,704725.0,573653.0,131072.0,81.4,18.6
110,1988,4,5.6,13.4,9.7,11.3,45,LOIRET,7035.0,298538.0,364925.0,305573.0,59352.0,83.74,16.26
111,1988,4,5.7,17.9,12.2,13.6,46,LOT,2351.0,101401.0,121744.0,103752.0,17992.0,85.22,14.78
112,1988,4,6.0,17.2,11.8,1.9,47,LOT-ET-GARONNE,4305.0,184797.0,224088.0,189102.0,34986.0,84.39,15.61
113,1988,4,6.6,15.0,11.0,7.0,49,MAINE-ET-LOIRE,10645.0,376863.0,460587.0,387508.0,73079.0,84.13,15.87
114,1988,4,7.199999999999998,11.15,9.15,2.75,50,MANCHE,5593.0,276140.0,340966.0,281733.0,59233.0,82.63,17.37
115,1988,4,5.0,13.5,9.3,45.2,51,MARNE,5088.0,279538.0,352702.0,284626.0,68076.0,80.7,19.3
116,1988,4,4.85,12.5,8.75,22.4,52,HAUTE-MARNE,2877.0,116285.0,147196.0,119162.0,28034.0,80.95,19.05
117,1988,4,5.6000000000000005,12.633333333333333,9.166666666666666,26.6,54,MEURTHE-ET-MOSELLE,7404.0,368323.0,469562.0,375727.0,93835.0,80.02,19.98
118,1988,4,7.599999999999999,13.666666666666664,10.7,6.633333333333333,56,MORBIHAN,6275.0,366068.0,443426.0,372343.0,71083.0,83.97,16.03
119,1988,4,5.550000000000002,13.6,9.65,27.85,57,MOSELLE,11660.0,535978.0,666371.0,547638.0,118733.0,82.18,17.82
120,1988,4,3.8,14.5,9.2,31.6,58,NIEVRE,2896.0,143199.0,177164.0,146095.0,31069.0,82.46,17.54
121,1988,4,6.5,12.15,9.4,35.8,59,NORD,30875.0,1329195.0,1634459.0,1360070.0,274389.0,83.21,16.79
122,1988,4,4.8,13.3,9.1,28.8,60,OISE,7149.0,367477.0,443577.0,374626.0,68951.0,84.46,15.54
123,1988,4,5.3,13.1,9.5,33.1,61,ORNE,3730.0,172246.0,210113.0,175976.0,34137.0,83.75,16.25
124,1988,4,6.6,11.45,9.1,0.25,62,PAS-DE-CALAIS,21851.0,816851.0,983461.0,838702.0,144759.0,85.28,14.72
125,1988,4,5.4,15.4,10.4,42.7,63,PUY-DE-DOME,7998.0,322984.0,401079.0,330982.0,70097.0,82.52,17.48
126,1988,4,7.233333333333333,15.733333333333334,11.566666666666668,38.2,64,PYRENEES-ATLANTIQUES,6570.0,335141.0,413587.0,341711.0,71876.0,82.62,17.38
127,1988,4,5.2,15.6,10.5,41.6,65,HAUTES-PYRENEES,2983.0,135854.0,171749.0,138837.0,32912.0,80.84,19.16
128,1988,4,10.2,18.15,14.25,2.0,66,PYRENEES-ORIENTALES,3773.0,198501.0,251898.0,202274.0,49624.0,80.3,19.7
129,1988,4,6.4,15.2,10.8,51.2,67,BAS-RHIN,9638.0,493935.0,617322.0,503573.0,113749.0,81.57,18.43
130,1988,4,5.8,14.85,10.55,38.8,68,HAUT-RHIN,7558.0,350803.0,436205.0,358361.0,77844.0,82.15,17.85
131,1988,4,6.5,15.5,11.1,111.7,69,RHONE,11309.0,695528.0,880708.0,706837.0,173871.0,80.26,19.74
132,1988,4,4.4,13.8,9.3,51.0,70,HAUTE-SAONE,3789.0,135349.0,165622.0,139138.0,26484.0,84.01,15.99
133,1988,4,5.0,15.65,10.4,35.75,71,SAONE-ET-LOIRE,7568.0,309299.0,396539.0,316867.0,79672.0,79.91,20.09
134,1988,4,6.2,14.6,10.6,17.9,72,SARTHE,8403.0,289781.0,362926.0,298184.0,64742.0,82.16,17.84
135,1988,4,4.15,15.9,10.25,54.5,73,SAVOIE,3319.0,180616.0,230132.0,183935.0,46197.0,79.93,20.07
136,1988,4,7.4,14.1,10.8,55.5,75,PARIS,10648.0,942315.0,1238623.0,952963.0,285660.0,76.94,23.06
137,1988,4,6.133333333333333,11.233333333333334,8.666666666666666,23.0,76,SEINE-MARITIME,13619.0,650980.0,808059.0,664599.0,143460.0,82.25,17.75
138,1988,4,5.0,13.5,9.7,22.5,77,SEINE-ET-MARNE,8602.0,488006.0,609181.0,496608.0,112573.0,81.52,18.48
139,1988,4,6.25,12.55,9.6,9.35,78,YVELINES,9143.0,625150.0,772804.0,634293.0,138511.0,82.08,17.92
140,1988,4,5.9,15.5,11.1,20.1,79,DEUX-SEVRES,6282.0,204237.0,250098.0,210519.0,39579.0,84.17,15.83
141,1988,4,5.0,11.8,8.5,10.1,80,SOMME,7074.0,319563.0,381128.0,326637.0,54491.0,85.7,14.3
142,1988,4,5.5,18.7,12.4,17.9,81,TARN,5550.0,210540.0,253432.0,216090.0,37342.0,85.27,14.73
143,1988,4,7.3,18.7,13.0,22.7,82,TARN-ET-GARONNE,2755.0,119316.0,145630.0,122071.0,23559.0,83.82,16.18
144,1988,4,8.3,17.475,12.925,13.974999999999998,83,VAR,6619.0,433521.0,542667.0,440140.0,102527.0,81.11,18.89
145,1988,4,8.1,19.2,13.6,107.0,84,VAUCLUSE,5429.0,249682.0,304161.0,255111.0,49050.0,83.87,16.13
146,1988,4,6.949999999999998,14.8,11.0,17.1,85,VENDEE,8137.0,305641.0,364447.0,313778.0,50669.0,86.1,13.9
147,1988,4,5.6,14.6,10.2,11.8,86,VIENNE,6018.0,218446.0,270883.0,224464.0,46419.0,82.86,17.14
148,1988,4,6.1,13.8,10.3,98.9,87,HAUTE-VIENNE,6411.0,215029.0,262298.0,221440.0,40858.0,84.42,15.58
149,1988,4,5.2,14.0,9.9,70.4,89,YONNE,3969.0,177801.0,221498.0,181770.0,39728.0,82.06,17.94
150,1988,4,6.5,13.9,10.4,75.0,91,ESSONNE,8452.0,511634.0,636234.0,520086.0,116148.0,81.74,18.26
151,1988,4,6.6,13.5,10.1,1.8,93,SEINE-SAINT-DENIS,8789.0,543551.0,710336.0,552340.0,157996.0,77.76,22.24
152,1988,4,6.3,13.1,10.0,35.0,95,VAL-D'OISE,7367.0,455681.0,572242.0,463048.0,109194.0,80.92,19.08
153,1995,4,4.7,13.3,9.2,35.8,10,AUBE,4393.0,150763.0,192789.0,155156.0,37633.0,80.48,19.52
154,1995,4,7.4,17.7,12.7,17.3,11,AUDE,5203.0,181783.0,225975.0,186986.0,38989.0,82.75,17.25
155,1995,4,5.3,15.8,10.6,18.4,12,AVEYRON,6144.0,171404.0,212792.0,177548.0,35244.0,83.44,16.56
156,1995,4,6.1,12.2,9.1,57.5,14,CALVADOS,9585.0,344319.0,437282.0,353904.0,83378.0,80.93,19.07
157,1995,4,3.4,15.4,9.8,28.3,15,CANTAL,2633.0,99668.0,125662.0,102301.0,23361.0,81.41,18.59
158,1995,4,7.2,16.8,12.0,28.6,16,CHARENTE,7355.0,196166.0,254536.0,203521.0,51015.0,79.96,20.04
159,1995,4,8.5,15.233333333333334,12.033333333333333,6.333333333333332,17,CHARENTE-MARITIME,10021.0,303498.0,397086.0,313519.0,83567.0,78.95,21.05
160,1995,4,6.0,14.2,10.3,67.7,18,CHER,6050.0,175975.0,228986.0,182025.0,46961.0,79.49,20.51
161,1995,4,5.6,14.3,9.9,100.7,21,COTE-D'OR,7043.0,255454.0,326948.0,262497.0,64451.0,80.29,19.71
162,1995,4,7.05,11.4,9.15,62.65000000000001,22,COTES-D'ARMOR,8656.0,342737.0,420696.0,351393.0,69303.0,83.53,16.47
163,1995,4,5.2,13.7,9.7,58.3,23,CREUSE,2754.0,81010.0,105801.0,83764.0,22037.0,79.17,20.83
164,1995,4,5.3,18.3,12.2,10.1,24,DORDOGNE,9113.0,242724.0,303089.0,251837.0,51252.0,83.09,16.91
165,1995,4,5.7,14.4,10.0,70.1,25,DOUBS,7415.0,259253.0,325938.0,266668.0,59270.0,81.82,18.18
166,1995,4,8.0,17.3,12.7,36.6,26,DROME,6862.0,227192.0,292297.0,234054.0,58243.0,80.07,19.93
167,1995,4,5.4,12.3,9.0,17.1,27,EURE,8238.0,282571.0,359333.0,290809.0,68524.0,80.93,19.07
168,1995,4,5.3,13.3,9.7,40.0,28,EURE-ET-LOIR,6031.0,213390.0,273171.0,219421.0,53750.0,80.32,19.68
169,1995,4,7.575000000000001,12.75,9.975,39.625,29,FINISTERE,11101.0,498966.0,625550.0,510067.0,115483.0,81.54,18.46
170,1995,4,8.9,17.200000000000006,13.075,38.65,2A,CORSE-DU-SUD,986.0,53866.0,81100.0,54852.0,26248.0,67.64,32.36
171,1995,4,8.9,17.200000000000006,13.1,87.23333333333332,2B,HAUTE-CORSE,1432.0,64313.0,98947.0,65745.0,33202.0,66.44,33.56
172,1995,4,7.425000000000002,15.55,11.5,60.05,30,GARD,8989.0,329047.0,420294.0,338036.0,82258.0,80.43,19.57
173,1995,4,6.6,17.2,12.1,32.6,31,HAUTE-GARONNE,16085.0,516398.0,654466.0,532483.0,121983.0,81.36,18.64
174,1995,4,4.0,17.8,11.1,5.3,32,GERS,4161.0,107827.0,136625.0,111988.0,24637.0,81.97,18.03
175,1995,4,7.0,17.6,12.5,24.1,33,GIRONDE,17962.0,646417.0,827836.0,664379.0,163457.0,80.25,19.75
176,1995,4,9.6,18.45,14.0,49.8,34,HERAULT,11705.0,452703.0,576736.0,464408.0,112328.0,80.52,19.48
177,1995,4,7.2333333333333325,12.466666666666667,9.833333333333334,16.400000000000002,35,ILLE-ET-VILAINE,13583.0,463324.0,581428.0,476907.0,104521.0,82.02,17.98
178,1995,4,5.9,14.5,10.2,61.4,36,INDRE,5764.0,139780.0,180705.0,145544.0,35161.0,80.54,19.46
179,1995,4,5.9,13.9,10.0,18.3,37,INDRE-ET-LOIRE,9660.0,285449.0,369275.0,295109.0,74166.0,79.92,20.08
180,1995,4,2.8,13.6,8.25,18.15,38,ISERE,15024.0,521631.0,672788.0,536655.0,136133.0,79.77,20.23
181,1995,4,5.5,19.1,12.7,9.6,40,LANDES,6622.0,195836.0,244917.0,202458.0,42459.0,82.66,17.34
182,1995,4,5.7,14.2,10.0,0.0,42,LOIRE,10791.0,373250.0,486507.0,384041.0,102466.0,78.94,21.06
183,1995,4,2.0,13.3,7.7,40.9,43,HAUTE-LOIRE,4470.0,125810.0,159947.0,130280.0,29667.0,81.45,18.55
184,1995,4,6.85,14.65,10.65,13.2,44,LOIRE-ATLANTIQUE,18624.0,600334.0,768340.0,618958.0,149382.0,80.56,19.44
185,1995,4,5.6,13.4,9.7,11.3,45,LOIRET,9582.0,310844.0,395218.0,320426.0,74792.0,81.08,18.92
186,1995,4,5.7,17.9,12.2,13.6,46,LOT,3819.0,107076.0,131509.0,110895.0,20614.0,84.33,15.67
187,1995,4,6.0,17.2,11.8,1.9,47,LOT-ET-GARONNE,6256.0,178755.0,224985.0,185011.0,39974.0,82.23,17.77
188,1995,4,6.6,15.0,11.0,7.0,49,MAINE-ET-LOIRE,15212.0,389748.0,489715.0,404960.0,84755.0,82.69,17.31
189,1995,4,7.199999999999998,11.15,9.15,2.75,50,MANCHE,7826.0,278088.0,351768.0,285914.0,65854.0,81.28,18.72
190,1995,4,5.0,13.5,9.3,45.2,51,MARNE,6863.0,278999.0,366488.0,285862.0,80626.0,78.0,22.0
191,1995,4,4.85,12.5,8.75,22.4,52,HAUTE-MARNE,3635.0,111197.0,145981.0,114832.0,31149.0,78.66,21.34
192,1995,4,5.6000000000000005,12.633333333333333,9.166666666666666,26.6,54,MEURTHE-ET-MOSELLE,9549.0,360232.0,470685.0,369781.0,100904.0,78.56,21.44
193,1995,4,7.599999999999999,13.666666666666664,10.7,6.633333333333333,56,MORBIHAN,9385.0,380036.0,472281.0,389421.0,82860.0,82.46,17.54
194,1995,4,5.550000000000002,13.6,9.65,27.85,57,MOSELLE,15548.0,524999.0,690316.0,540547.0,149769.0,78.3,21.7
195,1995,4,3.8,14.5,9.2,31.6,58,NIEVRE,4474.0,134349.0,173997.0,138823.0,35174.0,79.78,20.22
196,1995,4,6.5,12.15,9.4,35.8,59,NORD,35664.0,1302277.0,1677860.0,1337941.0,339919.0,79.74,20.26
197,1995,4,4.8,13.3,9.1,28.8,60,OISE,9676.0,387761.0,488437.0,397437.0,91000.0,81.37,18.63
198,1995,4,5.3,13.1,9.5,33.1,61,ORNE,4973.0,169886.0,213690.0,174859.0,38831.0,81.83,18.17
199,1995,4,6.6,11.45,9.1,0.25,62,PAS-DE-CALAIS,28218.0,799856.0,1016315.0,828074.0,188241.0,81.48,18.52
200,1995,4,5.4,15.4,10.4,42.7,63,PUY-DE-DOME,11706.0,327349.0,415645.0,339055.0,76590.0,81.57,18.43
201,1995,4,7.233333333333333,15.733333333333334,11.566666666666668,38.2,64,PYRENEES-ATLANTIQUES,11351.0,333929.0,432701.0,345280.0,87421.0,79.8,20.2
202,1995,4,5.2,15.6,10.5,41.6,65,HAUTES-PYRENEES,4983.0,133878.0,173682.0,138861.0,34821.0,79.95,20.05
203,1995,4,10.2,18.15,14.25,2.0,66,PYRENEES-ORIENTALES,5435.0,206634.0,266855.0,212069.0,54786.0,79.47,20.53
204,1995,4,6.4,15.2,10.8,51.2,67,BAS-RHIN,13602.0,505329.0,653671.0,518931.0,134740.0,79.39,20.61
205,1995,4,5.8,14.85,10.55,38.8,68,HAUT-RHIN,10496.0,355278.0,458432.0,365774.0,92658.0,79.79,20.21
206,1995,4,6.5,15.5,11.1,111.7,69,RHONE,16854.0,722974.0,922695.0,739828.0,182867.0,80.18,19.82
207,1995,4,4.4,13.8,9.3,51.0,70,HAUTE-SAONE,5036.0,134311.0,170138.0,139347.0,30791.0,81.9,18.1
208,1995,4,5.0,15.65,10.4,35.75,71,SAONE-ET-LOIRE,11877.0,302560.0,399842.0,314437.0,85405.0,78.64,21.36
209,1995,4,6.2,14.6,10.6,17.9,72,SARTHE,11906.0,292604.0,378616.0,304510.0,74106.0,80.43,19.57
210,1995,4,4.15,15.9,10.25,54.5,73,SAVOIE,5361.0,194038.0,249352.0,199399.0,49953.0,79.97,20.03
211,1995,4,7.4,14.1,10.8,55.5,75,PARIS,13851.0,842661.0,1168036.0,856512.0,311524.0,73.33,26.67
212,1995,4,6.133333333333333,11.233333333333334,8.666666666666666,23.0,76,SEINE-MARITIME,18244.0,644130.0,831766.0,662374.0,169392.0,79.63,20.37
213,1995,4,5.0,13.5,9.7,22.5,77,SEINE-ET-MARNE,12012.0,510588.0,691005.0,522600.0,168405.0,75.63,24.37
214,1995,4,6.25,12.55,9.6,9.35,78,YVELINES,13229.0,621393.0,822940.0,634622.0,188318.0,77.12,22.88
215,1995,4,5.9,15.5,11.1,20.1,79,DEUX-SEVRES,8376.0,203274.0,259259.0,211650.0,47609.0,81.64,18.36
216,1995,4,5.0,11.8,8.5,10.1,80,SOMME,9278.0,314514.0,391302.0,323792.0,67510.0,82.75,17.25
217,1995,4,5.5,18.7,12.4,17.9,81,TARN,8061.0,207477.0,257286.0,215538.0,41748.0,83.77,16.23
218,1995,4,7.3,18.7,13.0,22.7,82,TARN-ET-GARONNE,3922.0,121294.0,151233.0,125216.0,26017.0,82.8,17.2
219,1995,4,8.3,17.475,12.925,13.974999999999998,83,VAR,10089.0,447439.0,601391.0,457528.0,143863.0,76.08,23.92
220,1995,4,8.1,19.2,13.6,107.0,84,VAUCLUSE,7218.0,252649.0,325284.0,259867.0,65417.0,79.89,20.11
221,1995,4,6.949999999999998,14.8,11.0,17.1,85,VENDEE,11127.0,321151.0,394215.0,332278.0,61937.0,84.29,15.71
222,1995,4,5.6,14.6,10.2,11.8,86,VIENNE,8449.0,219358.0,281401.0,227807.0,53594.0,80.95,19.05
223,1995,4,6.1,13.8,10.3,98.9,87,HAUTE-VIENNE,8563.0,209914.0,263199.0,218477.0,44722.0,83.01,16.99
224,1995,4,5.2,14.0,9.9,70.4,89,YONNE,5569.0,178400.0,230305.0,183969.0,46336.0,79.88,20.12
225,1995,4,6.5,13.9,10.4,75.0,91,ESSONNE,12168.0,512619.0,683626.0,524787.0,158839.0,76.77,23.23
226,1995,4,6.6,13.5,10.1,1.8,93,SEINE-SAINT-DENIS,10617.0,485489.0,683919.0,496106.0,187813.0,72.54,27.46
227,1995,4,6.3,13.1,10.0,35.0,95,VAL-D'OISE,10001.0,452111.0,611098.0,462112.0,148986.0,75.62,24.38
228,2002,4,3.3,16.4,9.9,15.4,10,AUBE,4784.0,138140.0,193701.0,142924.0,50777.0,73.79,26.21
229,2002,4,10.0,17.3,13.65,47.6,11,AUDE,6558.0,173434.0,236852.0,179992.0,56860.0,75.99,24.01
230,2002,4,4.85,14.5,9.75,8.3,12,AVEYRON,8073.0,159798.0,214595.0,167871.0,46724.0,78.23,21.77
231,2002,4,8.325,18.25,13.425,26.275,13,BOUCHES-DU-RHONE,22258.0,815890.0,1144969.0,838148.0,306821.0,73.2,26.8
232,2002,4,6.0,14.125,10.075,10.8,14,CALVADOS,10918.0,325572.0,458071.0,336490.0,121581.0,73.46,26.54
233,2002,4,3.3,14.6,9.5,46.8,15,CANTAL,3967.0,88595.0,123827.0,92562.0,31265.0,74.75,25.25
234,2002,4,6.8,17.4,12.1,53.4,16,CHARENTE,7612.0,180176.0,255110.0,187788.0,67322.0,73.61,26.39
235,2002,4,8.3,15.3,11.84,18.04,17,CHARENTE-MARITIME,11200.0,294002.0,417856.0,305202.0,112654.0,73.04,26.96
236,2002,4,4.8,16.4,10.8,19.15,18,CHER,6452.0,160858.0,228120.0,167310.0,60810.0,73.34,26.66
237,2002,4,4.8,17.7,11.3,0.0,19,CORREZE,6009.0,140736.0,184267.0,146745.0,37522.0,79.64,20.36
238,2002,4,4.7,16.9,10.8,13.7,21,COTE-D'OR,7913.0,241535.0,330318.0,249448.0,80870.0,75.52,24.48
239,2002,4,7.0,13.4,10.166666666666666,28.766666666666666,22,COTES-D'ARMOR,10843.0,317112.0,428856.0,327955.0,100901.0,76.47,23.53
240,2002,4,4.35,14.95,9.75,20.6,23,CREUSE,3729.0,70142.0,101812.0,73871.0,27941.0,72.56,27.44
241,2002,4,5.8,18.2,12.1,35.6,24,DORDOGNE,10783.0,221063.0,303991.0,231846.0,72145.0,76.27,23.73
242,2002,4,4.8,15.8,10.4,33.2,25,DOUBS,9491.0,246884.0,334718.0,256375.0,78343.0,76.59,23.41
243,2002,4,8.7,18.3,13.5,28.0,26,DROME,7645.0,223509.0,309557.0,231154.0,78403.0,74.67,25.33
244,2002,4,4.4,15.2,9.8,21.5,27,EURE,9535.0,271340.0,378410.0,280875.0,97535.0,74.23,25.77
245,2002,4,4.45,16.200000000000006,10.35,13.1,28,EURE-ET-LOIR,6773.0,198533.0,278123.0,205306.0,72817.0,73.82,26.18
246,2002,4,7.612500000000002,13.4,10.4875,9.9875,29,FINISTERE,13454.0,463100.0,635751.0,476554.0,159197.0,74.96,25.04
247,2002,4,10.2,18.05,14.025,81.85,2A,CORSE-DU-SUD,1189.0,50261.0,86526.0,51450.0,35076.0,59.46,40.54
248,2002,4,10.85,18.05,14.45,28.925,2B,HAUTE-CORSE,1486.0,59201.0,104774.0,60687.0,44087.0,57.92,42.08
249,2002,4,7.649999999999999,16.225,11.975,63.1,30,GARD,10229.0,320855.0,445560.0,331084.0,114476.0,74.31,25.69
250,2002,4,8.2,17.35,12.95,48.6,31,HAUTE-GARONNE,19274.0,520547.0,709805.0,539821.0,169984.0,76.05,23.95
251,2002,4,6.5,17.7,12.1,36.2,32,GERS,4584.0,100099.0,135423.0,104683.0,30740.0,77.3,22.7
252,2002,4,7.525,16.975,12.35,27.125,33,GIRONDE,18503.0,603256.0,867452.0,621759.0,245693.0,71.68,28.32
253,2002,4,10.7,18.85,14.9,34.0,34,HERAULT,13918.0,456254.0,632459.0,470172.0,162287.0,74.34,25.66
254,2002,4,6.300000000000002,15.4,10.9,16.85,35,ILLE-ET-VILAINE,15808.0,444257.0,618329.0,460065.0,158264.0,74.4,25.6
255,2002,4,5.1,16.7,10.9,34.6,36,INDRE,6610.0,126098.0,176678.0,132708.0,43970.0,75.11,24.89
256,2002,4,5.7,15.9,11.0,28.0,37,INDRE-ET-LOIRE,10150.0,271536.0,381130.0,281686.0,99444.0,73.91,26.09
257,2002,4,3.4,16.4,9.8,21.3,38,ISERE,16600.0,506050.0,708265.0,522650.0,185615.0,73.79,26.21
258,2002,4,5.050000000000002,16.3,10.7,0.0,39,JURA,5521.0,132054.0,181347.0,137575.0,43772.0,75.86,24.14
259,2002,4,7.633333333333334,17.3,12.6,14.933333333333332,40,LANDES,7562.0,186336.0,258936.0,193898.0,65038.0,74.88,25.12
260,2002,4,4.1,16.2,10.25,10.85,41,LOIR-ET-CHER,6737.0,167886.0,232656.0,174623.0,58033.0,75.06,24.94
261,2002,4,4.0,16.1,10.1,0.0,42,LOIRE,12584.0,339745.0,483976.0,352329.0,131647.0,72.8,27.2
262,2002,4,2.7,13.15,7.9,24.9,43,HAUTE-LOIRE,6001.0,120479.0,166347.0,126480.0,39867.0,76.03,23.97
263,2002,4,7.066666666666666,15.1,11.166666666666664,9.633333333333333,44,LOIRE-ATLANTIQUE,20857.0,582166.0,814585.0,603023.0,211562.0,74.03,25.97
264,2002,4,4.05,16.7,10.35,10.8,45,LOIRET,9896.0,296816.0,409309.0,306712.0,102597.0,74.93,25.07
265,2002,4,6.0,17.8,12.0,32.0,46,LOT,4460.0,95501.0,128177.0,99961.0,28216.0,77.99,22.01
266,2002,4,6.9,18.2,12.6,52.2,47,LOT-ET-GARONNE,6405.0,164946.0,229022.0,171351.0,57671.0,74.82,25.18
267,2002,4,2.3,12.6,7.4,1.0,48,LOZERE,1644.0,43873.0,58864.0,45517.0,13347.0,77.33,22.67
268,2002,4,5.7,16.4,11.1,47.9,49,MAINE-ET-LOIRE,18200.0,364753.0,510019.0,382953.0,127066.0,75.09,24.91
269,2002,4,7.366666666666667,13.133333333333333,10.266666666666666,6.866666666666667,50,MANCHE,9471.0,255930.0,358965.0,265401.0,93564.0,73.94,26.06
270,2002,4,3.6,15.4,9.6,27.2,51,MARNE,7849.0,255131.0,372077.0,262980.0,109097.0,70.68,29.32
271,2002,4,4.800000000000002,15.0,10.0,10.3,52,HAUTE-MARNE,3983.0,99721.0,143635.0,103704.0,39931.0,72.2,27.8
272,2002,4,5.7,15.3,10.5,0.0,53,MAYENNE,8297.0,151800.0,214016.0,160097.0,53919.0,74.81,25.19
273,2002,4,4.199999999999998,14.7,9.5,38.55,54,MEURTHE-ET-MOSELLE,10067.0,323144.0,469462.0,333211.0,136251.0,70.98,29.02
274,2002,4,7.225,14.175,10.75,25.4,56,MORBIHAN,12626.0,361300.0,498938.0,373926.0,125012.0,74.94,25.06
275,2002,4,4.5,15.1,9.8,15.55,57,MOSELLE,17612.0,473506.0,712299.0,491118.0,221181.0,68.95,31.05
276,2002,4,2.9,17.0,9.9,20.2,58,NIEVRE,4943.0,118192.0,170396.0,123135.0,47261.0,72.26,27.74
277,2002,4,6.65,14.45,10.55,24.7,59,NORD,40015.0,1184186.0,1721267.0,1224201.0,497066.0,71.12,28.88
278,2002,4,4.35,15.45,10.05,10.8,60,OISE,11071.0,362848.0,506844.0,373919.0,132925.0,73.77,26.23
279,2002,4,4.7,15.6,10.1,26.9,61,ORNE,5467.0,153910.0,214215.0,159377.0,54838.0,74.4,25.6
280,2002,4,5.75,13.55,9.8,18.65,62,PAS-DE-CALAIS,31395.0,735144.0,1047845.0,766539.0,281306.0,73.15,26.85
281,2002,4,4.4,16.5,10.6,26.0,63,PUY-DE-DOME,14067.0,303483.0,425502.0,317550.0,107952.0,74.63,25.37
282,2002,4,7.9333333333333345,16.400000000000002,12.133333333333333,41.56666666666667,64,PYRENEES-ATLANTIQUES,12364.0,315251.0,450504.0,327615.0,122889.0,72.72,27.28
283,2002,4,5.8,16.3,11.1,54.4,65,HAUTES-PYRENEES,5350.0,121633.0,169135.0,126983.0,42152.0,75.08,24.92
284,2002,4,11.65,18.3,15.05,226.75,66,PYRENEES-ORIENTALES,6924.0,201473.0,285980.0,208397.0,77583.0,72.87,27.13
285,2002,4,4.8,16.1,10.5,36.5,67,BAS-RHIN,17411.0,481339.0,674812.0,498750.0,176062.0,73.91,26.09
286,2002,4,3.5,14.866666666666667,9.2,22.16666666666667,68,HAUT-RHIN,13080.0,340188.0,478445.0,353268.0,125177.0,73.84,26.16
287,2002,4,7.099999999999999,16.666666666666668,11.966666666666667,15.766666666666666,69,RHONE,18210.0,673620.0,932406.0,691830.0,240576.0,74.2,25.8
288,2002,4,2.6,16.4,9.5,35.4,70,HAUTE-SAONE,5801.0,127362.0,174508.0,133163.0,41345.0,76.31,23.69
289,2002,4,4.65,17.0,10.9,18.700000000000006,71,SAONE-ET-LOIRE,12721.0,278322.0,398818.0,291043.0,107775.0,72.98,27.02
290,2002,4,6.0,16.9,11.5,26.1,72,SARTHE,13530.0,264946.0,385397.0,278476.0,106921.0,72.26,27.74
291,2002,4,4.5,16.9,10.7,24.5,73,SAVOIE,6434.0,188579.0,265061.0,195013.0,70048.0,73.57,26.43
292,2002,4,7.8,16.3,12.3,10.6,75,PARIS,14087.0,744943.0,1081420.0,759030.0,322390.0,70.19,29.81
293,2002,4,6.25,13.6,9.95,20.0,76,SEINE-MARITIME,20203.0,595854.0,837659.0,616057.0,221602.0,73.55,26.45
294,2002,4,4.8,16.7,10.8,12.4,77,SEINE-ET-MARNE,13242.0,474959.0,721818.0,488201.0,233617.0,67.63,32.37
295,2002,4,5.4,15.566666666666668,10.566666666666668,11.566666666666668,78,YVELINES,12507.0,555378.0,825397.0,567885.0,257512.0,68.8,31.2
296,2002,4,5.8,16.5,11.2,41.2,79,DEUX-SEVRES,9874.0,187329.0,260937.0,197203.0,63734.0,75.57,24.43
297,2002,4,5.3,14.3,9.7,22.0,80,SOMME,10221.0,292635.0,400012.0,302856.0,97156.0,75.71,24.29
298,2002,4,6.5,18.1,12.4,67.7,81,TARN,9513.0,194192.0,261605.0,203705.0,57900.0,77.87,22.13
299,2002,4,7.1,18.7,12.85,24.7,82,TARN-ET-GARONNE,4512.0,115107.0,153826.0,119619.0,34207.0,77.76,22.24
300,2002,4,9.88,18.72,14.22,25.820000000000004,83,VAR,11566.0,453174.0,645315.0,464740.0,180575.0,72.02,27.98
301,2002,4,8.45,19.6,14.05,14.4,84,VAUCLUSE,7744.0,251333.0,342881.0,259077.0,83804.0,75.56,24.44
302,2002,4,6.566666666666666,15.066666666666668,10.800000000000002,31.100000000000005,85,VENDEE,15389.0,310059.0,427889.0,325448.0,102441.0,76.06,23.94
303,2002,4,4.6,16.4,10.7,33.1,86,VIENNE,9024.0,206967.0,286933.0,215991.0,70942.0,75.28,24.72
304,2002,4,6.4,14.9,10.8,51.2,87,HAUTE-VIENNE,10282.0,190969.0,261252.0,201251.0,60001.0,77.03,22.97
305,2002,4,2.6,14.5,8.6,0.0,88,VOSGES,9614.0,197564.0,283175.0,207178.0,75997.0,73.16,26.84
306,2002,4,5.0,17.0,11.1,13.4,89,YONNE,5970.0,167309.0,235687.0,173279.0,62408.0,73.52,26.48
307,2002,4,4.3,14.4,9.4,0.0,90,TERRITOIRE DE BELFORT,2420.0,66047.0,89644.0,68467.0,21177.0,76.38,23.62
308,2002,4,5.25,16.5,10.95,5.55,91,ESSONNE,11933.0,452921.0,681706.0,464854.0,216852.0,68.19,31.81
309,2002,4,5.9,16.6,11.1,0.0,93,SEINE-SAINT-DENIS,9989.0,396476.0,630897.0,406465.0,224432.0,64.43,35.57
310,2002,4,6.0,16.3,11.2,19.6,95,VAL-D'OISE,10106.0,398552.0,604309.0,408658.0,195651.0,67.62,32.38
311,2002,4,23.15,29.4,26.25,104.7,971,GUADELOUPE,4161.0,91179.0,278073.0,95340.0,182733.0,34.29,65.71
312,2002,4,23.0,30.0,26.5,189.3,972,MARTINIQUE,4823.0,89429.0,266229.0,94252.0,171977.0,35.4,64.6
313,2002,4,23.35,30.125,26.725,439.65,973,GUYANE,552.0,23664.0,51787.0,24216.0,27571.0,46.76,53.24
314,2002,4,24.125000000000004,29.75,26.9,61.95,974,LA REUNION,12333.0,233721.0,437185.0,246054.0,191131.0,56.28,43.72
315,2002,4,-0.6,4.3,2.1,36.7,975,SAINT-PIERRE-ET-MIQUELON,78.0,1942.0,4813.0,2020.0,2793.0,41.97,58.03
316,2002,4,25.1,30.9,28.0,211.4,986,WALLIS ET FUTUNA,37.0,5990.0,9353.0,6027.0,3326.0,64.44,35.56
317,2002,4,24.3375,29.275,26.6875,131.3375,987,POLYNESIE FRANCAISE,3331.0,75559.0,151505.0,78890.0,72615.0,52.07,47.93
318,2002,4,22.47272727272727,27.96363636363636,25.05454545454545,112.32727272727271,988,NOUVELLE-CALEDONIE,1600.0,60951.0,126985.0,62551.0,64434.0,49.26,50.74
319,2007,4,4.7,21.3,13.1,1.0,10,AUBE,2161.0,169001.0,204692.0,171162.0,33530.0,83.62,16.38
320,2007,4,11.6,20.0,15.866666666666667,38.966666666666654,11,AUDE,3057.0,216882.0,254404.0,219939.0,34465.0,86.45,13.55
321,2007,4,7.449999999999998,18.6,13.05,34.8,12,AVEYRON,3289.0,189000.0,217981.0,192289.0,25692.0,88.21,11.79
322,2007,4,10.02,21.360000000000007,15.679999999999998,28.32,13,BOUCHES-DU-RHONE,12715.0,1044239.0,1260916.0,1056954.0,203962.0,83.82,16.18
323,2007,4,7.025,16.975,12.075,12.575,14,CALVADOS,6252.0,410904.0,482677.0,417156.0,65521.0,86.43,13.57
324,2007,4,6.5,19.2,13.2,56.2,15,CANTAL,1765.0,104085.0,123363.0,105850.0,17513.0,85.8,14.2
325,2007,4,9.95,21.6,15.85,16.3,16,CHARENTE,3420.0,216748.0,259756.0,220168.0,39588.0,84.76,15.24
326,2007,4,10.15,19.33333333333333,14.783333333333333,8.633333333333333,17,CHARENTE-MARITIME,5358.0,379254.0,453394.0,384612.0,68782.0,84.83,15.17
327,2007,4,7.9,21.75,14.9,13.4,18,CHER,3317.0,188173.0,232301.0,191490.0,40811.0,82.43,17.57
328,2007,4,7.1,22.8,15.0,43.3,19,CORREZE,3010.0,159909.0,187233.0,162919.0,24314.0,87.01,12.99
329,2007,4,7.4,21.85,14.65,0.9,21,COTE-D'OR,3548.0,295757.0,349518.0,299305.0,50213.0,85.63,14.37
330,2007,4,7.3,16.4,11.8,39.82000000000001,22,COTES-D'ARMOR,4999.0,388820.0,445906.0,393819.0,52087.0,88.32,11.68
331,2007,4,8.65,19.6,14.15,15.95,23,CREUSE,1691.0,81585.0,99799.0,83276.0,16523.0,83.44,16.56
332,2007,4,7.6,22.5,15.3,31.8,24,DORDOGNE,4553.0,268438.0,309106.0,272991.0,36115.0,88.32,11.68
333,2007,4,7.8,21.7,15.0,1.6,25,DOUBS,4300.0,298775.0,353132.0,303075.0,50057.0,85.82,14.18
334,2007,4,9.033333333333333,22.633333333333336,15.866666666666667,24.8,26,DROME,3988.0,287590.0,338089.0,291578.0,46511.0,86.24,13.76
335,2007,4,7.0,20.0,13.5,14.2,27,EURE,4608.0,336710.0,404264.0,341318.0,62946.0,84.43,15.57
336,2007,4,6.9,20.25,13.6,5.7,28,EURE-ET-LOIR,3499.0,243187.0,293851.0,246686.0,47165.0,83.95,16.05
337,2007,4,8.950000000000003,16.316666666666666,12.633333333333333,34.425000000000004,29,FINISTERE,6615.0,576869.0,667662.0,583484.0,84178.0,87.39,12.61
338,2007,4,11.25,20.366666666666664,15.8,47.16666666666666,2A,CORSE-DU-SUD,1032.0,70445.0,94555.0,71477.0,23078.0,75.59,24.41
339,2007,4,11.614285714285714,20.2,15.885714285714286,19.87142857142857,2B,HAUTE-CORSE,1230.0,83126.0,111839.0,84356.0,27483.0,75.43,24.57
340,2007,4,9.8,19.05,14.425,59.1,30,GARD,5274.0,416170.0,488899.0,421444.0,67455.0,86.2,13.8
341,2007,4,10.25,20.65,15.6,54.1,31,HAUTE-GARONNE,8383.0,682255.0,789194.0,690638.0,98556.0,87.51,12.49
342,2007,4,8.5,20.5,14.5,45.2,32,GERS,1998.0,122010.0,140324.0,124008.0,16316.0,88.37,11.63
343,2007,4,9.65,20.025,15.0,25.5,33,GIRONDE,10104.0,823434.0,953526.0,833538.0,119988.0,87.42,12.58
344,2007,4,11.733333333333334,19.933333333333334,15.866666666666665,80.53333333333333,34,HERAULT,7513.0,593411.0,699684.0,600924.0,98760.0,85.89,14.11
345,2007,4,7.4,18.95,13.3,22.2,35,ILLE-ET-VILAINE,7419.0,577236.0,665646.0,584655.0,80991.0,87.83,12.17
346,2007,4,7.9,21.7,15.0,10.0,36,INDRE,3132.0,147085.0,177334.0,150217.0,27117.0,84.71,15.29
347,2007,4,7.55,21.35,14.4,7.0,37,INDRE-ET-LOIRE,4877.0,339116.0,401678.0,343993.0,57685.0,85.64,14.36
348,2007,4,8.15,23.16666666666666,15.683333333333332,18.3,38,ISERE,8801.0,668058.0,784199.0,676859.0,107340.0,86.31,13.69
349,2007,4,7.55,22.55,15.15,16.900000000000002,39,JURA,2692.0,158560.0,187083.0,161252.0,25831.0,86.19,13.81
350,2007,4,9.966666666666667,20.166666666666668,15.166666666666664,50.6,40,LANDES,3541.0,244644.0,283071.0,248185.0,34886.0,87.68,12.32
351,2007,4,5.949999999999998,21.3,13.65,8.6,41,LOIR-ET-CHER,3244.0,201898.0,240542.0,205142.0,35400.0,85.28,14.72
352,2007,4,7.65,19.0,13.3,26.6,42,LOIRE,6138.0,425707.0,505865.0,431845.0,74020.0,85.37,14.63
353,2007,4,3.1,17.75,10.45,26.3,43,HAUTE-LOIRE,2623.0,148273.0,173258.0,150896.0,22362.0,87.09,12.91
354,2007,4,9.333333333333334,20.33333333333333,14.833333333333336,41.833333333333336,44,LOIRE-ATLANTIQUE,9273.0,768761.0,892016.0,778034.0,113982.0,87.22,12.78
355,2007,4,6.3,20.3,13.4,13.4,45,LOIRET,4994.0,363075.0,435658.0,368069.0,67589.0,84.49,15.51
356,2007,4,8.9,22.4,15.7,32.4,46,LOT,1787.0,116514.0,132896.0,118301.0,14595.0,89.02,10.98
357,2007,4,8.8,21.4,15.2,37.0,47,LOT-ET-GARONNE,3050.0,205413.0,238999.0,208463.0,30536.0,87.22,12.78
358,2007,4,4.5,17.2,10.9,39.6,48,LOZERE,745.0,51925.0,60016.0,52670.0,7346.0,87.76,12.24
359,2007,4,8.0,20.55,14.35,22.4,49,MAINE-ET-LOIRE,7792.0,466598.0,539902.0,474390.0,65512.0,87.87,12.13
360,2007,4,8.15,14.9,11.575,6.475,50,MANCHE,5272.0,315014.0,371781.0,320286.0,51495.0,86.15,13.85
361,2007,4,5.449999999999998,20.4,12.9,0.0,51,MARNE,4359.0,306839.0,382287.0,311198.0,71089.0,81.4,18.6
362,2007,4,7.15,21.15,14.3,1.3,52,HAUTE-MARNE,2081.0,116007.0,142353.0,118088.0,24265.0,82.95,17.05
363,2007,4,7.6,20.2,14.0,5.9,53,MAYENNE,3626.0,188525.0,220022.0,192151.0,27871.0,87.33,12.67
364,2007,4,5.133333333333334,21.03333333333333,13.233333333333334,2.733333333333333,54,MEURTHE-ET-MOSELLE,5044.0,406056.0,490248.0,411100.0,79148.0,83.86,16.14
365,2007,4,9.625,18.65,14.1,38.875,56,MORBIHAN,5920.0,461409.0,534901.0,467329.0,67572.0,87.37,12.63
366,2007,4,5.5,21.33333333333333,13.333333333333336,2.8666666666666667,57,MOSELLE,8967.0,597931.0,738889.0,606898.0,131991.0,82.14,17.86
367,2007,4,5.5,22.2,13.9,18.2,58,NIEVRE,2154.0,139520.0,169334.0,141674.0,27660.0,83.67,16.33
368,2007,4,8.7,17.450000000000006,13.1,0.35,59,NORD,20670.0,1414740.0,1776070.0,1435410.0,340660.0,80.82,19.18
369,2007,4,5.8,20.15,13.2,5.5,60,OISE,5902.0,442346.0,536752.0,448248.0,88504.0,83.51,16.49
370,2007,4,6.95,20.25,13.65,5.9,61,ORNE,2679.0,183136.0,216406.0,185815.0,30591.0,85.86,14.14
371,2007,4,7.2666666666666675,17.966666666666672,12.633333333333335,1.1333333333333333,62,PAS-DE-CALAIS,15325.0,875285.0,1078462.0,890610.0,187852.0,82.58,17.42
372,2007,4,7.3,21.0,14.3,33.0,63,PUY-DE-DOME,6272.0,379496.0,443260.0,385768.0,57492.0,87.03,12.97
373,2007,4,9.9,18.066666666666666,14.166666666666664,99.53333333333336,64,PYRENEES-ATLANTIQUES,4920.0,408903.0,474672.0,413823.0,60849.0,87.18,12.82
374,2007,4,7.9,18.5,13.3,137.2,65,HAUTES-PYRENEES,2165.0,150633.0,176279.0,152798.0,23481.0,86.68,13.32
375,2007,4,9.433333333333334,17.599999999999994,13.633333333333333,63.33333333333334,66,PYRENEES-ORIENTALES,3729.0,263862.0,314769.0,267591.0,47178.0,85.01,14.99
376,2007,4,6.9,22.4,14.8,30.4,67,BAS-RHIN,8203.0,587844.0,717337.0,596047.0,121290.0,83.09,16.91
377,2007,4,8.5,22.2,15.124999999999998,30.525,68,HAUT-RHIN,6463.0,413421.0,506877.0,419884.0,86993.0,82.84,17.16
378,2007,4,10.1,21.433333333333334,15.833333333333336,19.6,69,RHONE,9177.0,887277.0,1037635.0,896454.0,141181.0,86.39,13.61
379,2007,4,4.7,22.7,13.8,3.6,70,HAUTE-SAONE,2783.0,151088.0,179506.0,153871.0,25635.0,85.72,14.28
380,2007,4,7.05,21.75,14.4,20.8,71,SAONE-ET-LOIRE,6021.0,336246.0,408946.0,342267.0,66679.0,83.69,16.31
381,2007,4,8.2,21.8,15.2,18.6,72,SARTHE,7084.0,333924.0,401328.0,341008.0,60320.0,84.97,15.03
382,2007,4,6.95,22.3,14.6,3.6,73,SAVOIE,3413.0,244865.0,287948.0,248278.0,39670.0,86.22,13.78
383,2007,4,6.15,20.9,13.5,13.6,74,HAUTE-SAVOIE,5124.0,398932.0,472822.0,404056.0,68766.0,85.46,14.54
384,2007,4,10.5,21.7,16.3,5.2,75,PARIS,8733.0,1059541.0,1221993.0,1068274.0,153719.0,87.42,12.58
385,2007,4,7.433333333333334,18.233333333333334,12.783333333333333,4.116666666666667,76,SEINE-MARITIME,10635.0,718317.0,873585.0,728952.0,144633.0,83.44,16.56
386,2007,4,7.3,20.9,14.3,0.6,77,SEINE-ET-MARNE,8425.0,676526.0,802133.0,684951.0,117182.0,85.39,14.61
387,2007,4,8.533333333333333,20.86666666666667,14.733333333333334,34.9,78,YVELINES,7470.0,774414.0,894380.0,781884.0,112496.0,87.42,12.58
388,2007,4,8.6,21.15,14.8,8.6,79,DEUX-SEVRES,5157.0,229121.0,269277.0,234278.0,34999.0,87.0,13.0
389,2007,4,6.2,19.1,12.7,5.6,80,SOMME,5071.0,340826.0,410269.0,345897.0,64372.0,84.31,15.69
390,2007,4,9.1,21.5,15.3,27.0,81,TARN,4016.0,240326.0,276354.0,244342.0,32012.0,88.42,11.58
391,2007,4,9.25,21.85,15.55,33.65,82,TARN-ET-GARONNE,2097.0,143871.0,165833.0,145968.0,19865.0,88.02,11.98
392,2007,4,11.099999999999998,20.75,16.009999999999998,14.94,83,VAR,6791.0,591490.0,716795.0,598281.0,118514.0,83.47,16.53
393,2007,4,9.325,23.575,16.425,32.1,84,VAUCLUSE,4048.0,312145.0,370625.0,316193.0,54432.0,85.31,14.69
394,2007,4,9.466666666666667,19.733333333333327,14.6,30.7,85,VENDEE,6618.0,402532.0,464249.0,409150.0,55099.0,88.13,11.87
395,2007,4,7.4,21.3,14.4,28.0,86,VIENNE,4064.0,252554.0,299185.0,256618.0,42567.0,85.77,14.23
396,2007,4,10.1,20.2,15.2,48.0,87,HAUTE-VIENNE,4911.0,225765.0,265865.0,230676.0,35189.0,86.76,13.24
397,2007,4,4.0,20.9,12.5,16.4,88,VOSGES,4316.0,241020.0,288720.0,245336.0,43384.0,84.97,15.03
398,2007,4,7.399999999999999,22.33333333333333,14.9,1.4666666666666668,89,YONNE,2880.0,202854.0,245539.0,205734.0,39805.0,83.79,16.21
399,2007,4,7.1,21.3,14.5,3.0,90,TERRITOIRE DE BELFORT,1209.0,77872.0,93779.0,79081.0,14698.0,84.33,15.67
400,2007,4,8.65,22.15,15.25,2.4,91,ESSONNE,7086.0,639823.0,742932.0,646909.0,96023.0,87.08,12.92
401,2007,4,8.399999999999999,24.35,15.9,14.3,93,SEINE-SAINT-DENIS,7277.0,580643.0,708171.0,587920.0,120251.0,83.02,16.98
402,2007,4,9.2,21.65,15.4,19.0,95,VAL-D'OISE,7088.0,571892.0,675114.0,578980.0,96134.0,85.76,14.24
403,2007,4,22.8,30.7,26.5,56.4,971,GUADELOUPE,11477.0,167888.0,303311.0,179365.0,123946.0,59.14,40.86
404,2007,4,23.1,30.9,26.9,103.8,972,MARTINIQUE,10206.0,159378.0,287465.0,169584.0,117881.0,58.99,41.01
405,2007,4,23.6,30.3,27.0,651.9,973,GUYANE,1315.0,35428.0,62526.0,36743.0,25783.0,58.76,41.24
406,2007,4,24.58333333333333,30.2,27.35,35.166666666666664,974,LA REUNION,12754.0,357965.0,510558.0,370719.0,139839.0,72.61,27.39
407,2007,4,-1.2,4.0,1.6,20.3,975,SAINT-PIERRE-ET-MIQUELON,358.0,2748.0,4923.0,3106.0,1817.0,63.09,36.91
408,2007,4,25.0,31.1,27.9,461.0,986,WALLIS ET FUTUNA,32.0,7176.0,11166.0,7208.0,3958.0,64.55,35.45
409,2007,4,24.0375,29.0375,26.4625,150.8,987,POLYNESIE FRANCAISE,1129.0,114714.0,167593.0,115843.0,51750.0,69.12,30.88
410,2007,4,21.670000000000005,28.0,24.630000000000006,99.14,988,NOUVELLE-CALEDONIE,1835.0,89761.0,146068.0,91596.0,54472.0,62.71,37.29
411,2012,4,7.5,14.7,11.1,159.2,1,AIN,6453.0,321359.0,393808.0,327812.0,65996.0,83.24,16.76
412,2012,4,3.9,14.4,9.2,88.2,10,AUBE,3466.0,162185.0,203590.0,165651.0,37939.0,81.36,18.64
413,2012,4,9.233333333333333,16.53333333333333,12.9,58.3,11,AUDE,4299.0,216348.0,264288.0,220647.0,43641.0,83.49,16.51
414,2012,4,4.75,12.15,8.45,121.1,12,AVEYRON,4539.0,181713.0,218347.0,186252.0,32095.0,85.3,14.7
415,2012,4,8.45,17.1875,12.8375,74.81249999999999,13,BOUCHES-DU-RHONE,16711.0,1040623.0,1314766.0,1057334.0,257432.0,80.42,19.58
416,2012,4,4.35,12.15,8.225,114.325,14,CALVADOS,6617.0,401432.0,490547.0,408049.0,82498.0,83.18,16.82
417,2012,4,3.3666666666666667,10.766666666666666,7.066666666666666,210.9333333333333,15,CANTAL,2190.0,98406.0,120962.0,100596.0,20366.0,83.16,16.84
418,2012,4,6.2333333333333325,14.5,10.466666666666667,139.33333333333334,16,CHARENTE,4665.0,209459.0,260765.0,214124.0,46641.0,82.11,17.89
419,2012,4,6.614285714285713,13.942857142857141,10.3,111.14285714285714,17,CHARENTE-MARITIME,7728.0,378741.0,471947.0,386469.0,85478.0,81.89,18.11
420,2012,4,4.933333333333334,14.3,9.566666666666666,89.63333333333333,18,CHER,4007.0,181615.0,230917.0,185622.0,45295.0,80.38,19.62
421,2012,4,5.35,14.0,9.75,150.25,19,CORREZE,3274.0,156095.0,186701.0,159369.0,27332.0,85.36,14.64
422,2012,4,4.75,14.05,9.4,86.95,21,COTE-D'OR,5434.0,289071.0,354789.0,294505.0,60284.0,83.01,16.99
423,2012,4,5.2200000000000015,12.419999999999998,8.72,118.3,22,COTES-D'ARMOR,6971.0,379537.0,450961.0,386508.0,64453.0,85.71,14.29
424,2012,4,4.0,14.0,9.0,100.0,23,CREUSE,1907.0,77750.0,96875.0,79657.0,17218.0,82.23,17.77
425,2012,4,6.0,15.5,10.7,134.5,24,DORDOGNE,5833.0,258814.0,311933.0,264647.0,47286.0,84.84,15.16
426,2012,4,4.366666666666666,13.066666666666668,8.733333333333333,119.13333333333333,25,DOUBS,6004.0,291412.0,359193.0,297416.0,61777.0,82.8,17.2
427,2012,4,8.16,17.04,12.62,114.18000000000002,26,DROME,5248.0,288253.0,353056.0,293501.0,59555.0,83.13,16.87
428,2012,4,3.85,12.35,8.1,70.1,27,EURE,6085.0,334475.0,417830.0,340560.0,77270.0,81.51,18.49
429,2012,4,3.8,13.5,8.7,96.25,28,EURE-ET-LOIR,4380.0,236815.0,297784.0,241195.0,56589.0,81.0,19.0
430,2012,4,6.159999999999998,12.62,9.38,183.7,29,FINISTERE,9523.0,560072.0,676771.0,569595.0,107176.0,84.16,15.84
431,2012,4,10.725,18.35,14.525,65.725,2A,CORSE-DU-SUD,1294.0,74215.0,101682.0,75509.0,26173.0,74.26,25.74
432,2012,4,10.028571428571428,17.885714285714286,13.971428571428573,77.18571428571428,2B,HAUTE-CORSE,1627.0,86517.0,118667.0,88144.0,30523.0,74.28,25.72
433,2012,4,8.0,15.5,11.771428571428574,102.02857142857141,30,GARD,7122.0,418026.0,513138.0,425148.0,87990.0,82.85,17.15
434,2012,4,7.2333333333333325,15.833333333333336,11.566666666666668,68.76666666666667,31,HAUTE-GARONNE,11760.0,693593.0,845035.0,705353.0,139682.0,83.47,16.53
435,2012,4,6.7,15.3,11.0,90.6,32,GERS,2724.0,120666.0,143798.0,123390.0,20408.0,85.81,14.19
436,2012,4,6.885714285714287,15.071428571428573,10.9,157.70000000000005,33,GIRONDE,14040.0,818906.0,1007663.0,832946.0,174717.0,82.66,17.34
437,2012,4,9.31111111111111,17.17777777777778,13.255555555555556,52.1,34,HERAULT,10478.0,602944.0,746616.0,613422.0,133194.0,82.16,17.84
438,2012,4,4.619999999999999,13.48,8.96,109.38,35,ILLE-ET-VILAINE,11045.0,579026.0,697043.0,590071.0,106972.0,84.65,15.35
439,2012,4,4.4,14.2,9.3,82.9,36,INDRE,3488.0,138948.0,173772.0,142436.0,31336.0,81.97,18.03
440,2012,4,5.300000000000002,14.15,9.6,114.85,37,INDRE-ET-LOIRE,6291.0,335255.0,412904.0,341546.0,71358.0,82.72,17.28
441,2012,4,5.3875,14.5625,10.0,132.8375,38,ISERE,12033.0,666339.0,821279.0,678372.0,142907.0,82.6,17.4
442,2012,4,5.8,14.9,10.4,69.5,39,JURA,3242.0,154093.0,188252.0,157335.0,30917.0,83.58,16.42
443,2012,4,7.7,15.066666666666668,11.4,229.5666666666667,40,LANDES,4837.0,243830.0,296740.0,248667.0,48073.0,83.8,16.2
444,2012,4,4.025,14.275,9.075,85.075,41,LOIR-ET-CHER,3975.0,197301.0,243061.0,201276.0,41785.0,82.81,17.19
445,2012,4,3.975,12.7,8.325,76.25,42,LOIRE,8052.0,412423.0,509701.0,420475.0,89226.0,82.49,17.51
446,2012,4,1.38,9.3,5.32,105.3,43,HAUTE-LOIRE,3779.0,145099.0,176103.0,148878.0,27225.0,84.54,15.46
447,2012,4,6.0166666666666675,13.783333333333333,9.916666666666668,85.08333333333333,44,LOIRE-ATLANTIQUE,14171.0,773722.0,935254.0,787893.0,147361.0,84.24,15.76
448,2012,4,4.05,13.95,8.899999999999997,83.30000000000003,45,LOIRET,6686.0,356045.0,442928.0,362731.0,80197.0,81.89,18.11
449,2012,4,5.8,14.7,10.2,148.0,46,LOT,2370.0,114070.0,135178.0,116440.0,18738.0,86.14,13.86
450,2012,4,6.75,15.1,10.9,125.6,47,LOT-ET-GARONNE,4088.0,196532.0,240926.0,200620.0,40306.0,83.27,16.73
451,2012,4,2.25,9.9,6.1,112.1,48,LOZERE,1027.0,50006.0,59890.0,51033.0,8857.0,85.21,14.79
452,2012,4,5.300000000000002,13.8,9.55,122.7,49,MAINE-ET-LOIRE,10855.0,455773.0,553014.0,466628.0,86386.0,84.38,15.62
453,2012,4,5.928571428571429,12.128571428571426,9.014285714285714,126.55714285714286,50,MANCHE,5952.0,306129.0,375716.0,312081.0,63635.0,83.06,16.94
454,2012,4,4.0,14.0,9.0,56.0,51,MARNE,4977.0,296987.0,382003.0,301964.0,80039.0,79.05,20.95
455,2012,4,4.65,13.55,9.1,91.2,52,HAUTE-MARNE,2231.0,109353.0,138929.0,111584.0,27345.0,80.32,19.68
456,2012,4,4.75,12.75,8.8,76.35000000000002,53,MAYENNE,4701.0,182271.0,221493.0,186972.0,34521.0,84.41,15.59
457,2012,4,4.3,13.933333333333332,9.133333333333333,59.63333333333333,54,MEURTHE-ET-MOSELLE,6242.0,389903.0,495506.0,396145.0,99361.0,79.95,20.05
458,2012,4,6.05,12.825,9.425,108.325,56,MORBIHAN,8538.0,461158.0,555819.0,469696.0,86123.0,84.51,15.49
459,2012,4,4.0,13.9875,9.0,55.05,57,MOSELLE,10658.0,572072.0,745678.0,582730.0,162948.0,78.15,21.85
460,2012,4,4.2,14.6,9.4,112.9,58,NIEVRE,2594.0,130596.0,164911.0,133190.0,31721.0,80.76,19.24
461,2012,4,5.233333333333333,12.433333333333335,8.833333333333332,81.93333333333331,59,NORD,24737.0,1371099.0,1792359.0,1395836.0,396523.0,77.88,22.12
462,2012,4,4.0,13.3,8.6,88.96666666666665,60,OISE,8234.0,435969.0,548845.0,444203.0,104642.0,80.93,19.07
463,2012,4,3.7,12.8,8.3,114.8,61,ORNE,3389.0,173754.0,212521.0,177143.0,35378.0,83.35,16.65
464,2012,4,4.933333333333334,11.766666666666666,8.366666666666667,93.23333333333336,62,PAS-DE-CALAIS,16422.0,849139.0,1083728.0,865561.0,218167.0,79.87,20.13
465,2012,4,5.1,14.5,9.8,69.9,63,PUY-DE-DOME,8222.0,369444.0,449247.0,377666.0,71581.0,84.07,15.93
466,2012,4,7.6,14.8,11.175,194.675,64,PYRENEES-ATLANTIQUES,8501.0,393657.0,488946.0,402158.0,86788.0,82.25,17.75
467,2012,4,5.5,14.2,9.8,141.9,65,HAUTES-PYRENEES,2969.0,144704.0,177417.0,147673.0,29744.0,83.23,16.77
468,2012,4,7.266666666666667,14.133333333333333,10.633333333333333,56.36666666666667,66,PYRENEES-ORIENTALES,5112.0,264194.0,329243.0,269306.0,59937.0,81.8,18.2
469,2012,4,4.55,15.1,9.8,41.9,67,BAS-RHIN,11251.0,585932.0,748087.0,597183.0,150904.0,79.83,20.17
470,2012,4,5.2,14.216666666666667,9.733333333333333,88.73333333333332,68,HAUT-RHIN,8397.0,405411.0,521174.0,413808.0,107366.0,79.4,20.6
471,2012,4,6.5,14.660000000000002,10.56,114.76000000000002,69,RHONE,14233.0,883651.0,1100632.0,897884.0,202748.0,81.58,18.42
472,2012,4,4.8,14.8,9.8,60.1,70,HAUTE-SAONE,3682.0,146536.0,180646.0,150218.0,30428.0,83.16,16.84
473,2012,4,5.5,15.15,10.3,99.15,71,SAONE-ET-LOIRE,7584.0,324826.0,409987.0,332410.0,77577.0,81.08,18.92
474,2012,4,4.9,14.25,9.6,121.6,72,SARTHE,8233.0,326102.0,406858.0,334335.0,72523.0,82.17,17.83
475,2012,4,6.099999999999999,15.633333333333333,10.833333333333336,181.76666666666665,73,SAVOIE,5132.0,243115.0,298785.0,248247.0,50538.0,83.09,16.91
476,2012,4,5.22,13.28,9.3,155.42,74,HAUTE-SAVOIE,7343.0,402015.0,504674.0,409358.0,95316.0,81.11,18.89
477,2012,4,6.4,14.2,10.3,63.6,75,PARIS,12093.0,992474.0,1253322.0,1004567.0,248755.0,80.15,19.85
478,2012,4,5.216666666666667,12.316666666666665,8.716666666666667,88.55,76,SEINE-MARITIME,13470.0,695401.0,876165.0,708871.0,167294.0,80.91,19.09
479,2012,4,4.4,14.3,9.3,72.5,77,SEINE-ET-MARNE,11478.0,645798.0,843673.0,657276.0,186397.0,77.91,22.09
480,2012,4,4.416666666666667,12.950000000000005,8.7,65.21666666666665,78,YVELINES,11066.0,719313.0,926619.0,730379.0,196240.0,78.82,21.18
481,2012,4,5.5,13.8,9.65,134.64999999999998,79,DEUX-SEVRES,5400.0,221715.0,270711.0,227115.0,43596.0,83.9,16.1
482,2012,4,4.5,12.1,8.3,85.3,80,SOMME,6012.0,329137.0,409444.0,335149.0,74295.0,81.85,18.15
483,2012,4,7.15,16.05,11.6,119.4,81,TARN,5346.0,236714.0,283884.0,242060.0,41824.0,85.27,14.73
484,2012,4,7.2,15.666666666666664,11.433333333333332,103.06666666666666,82,TARN-ET-GARONNE,3166.0,145844.0,175312.0,149010.0,26302.0,85.0,15.0
485,2012,4,9.500000000000002,17.383333333333336,13.45,87.55833333333334,83,VAR,9433.0,600730.0,757180.0,610163.0,147017.0,80.58,19.42
486,2012,4,7.514285714285713,18.271428571428565,12.9,87.7857142857143,84,VAUCLUSE,5546.0,312889.0,388052.0,318435.0,69617.0,82.06,17.94
487,2012,4,5.833333333333335,13.766666666666666,9.8,113.13333333333334,85,VENDEE,9717.0,407384.0,488819.0,417101.0,71718.0,85.33,14.67
488,2012,4,4.666666666666667,14.166666666666664,9.433333333333332,79.43333333333334,86,VIENNE,5406.0,245690.0,303653.0,251096.0,52557.0,82.69,17.31
489,2012,4,5.1,12.0,8.6,165.7,87,HAUTE-VIENNE,5950.0,217939.0,264914.0,223889.0,41025.0,84.51,15.49
490,2012,4,3.3666666666666667,13.066666666666668,8.200000000000001,104.73333333333336,88,VOSGES,5174.0,228902.0,285410.0,234076.0,51334.0,82.01,17.99
491,2012,4,4.8,14.55,9.65,108.15,89,YONNE,3547.0,194476.0,245258.0,198023.0,47235.0,80.74,19.26
492,2012,4,5.0,13.4,9.2,104.1,90,TERRITOIRE DE BELFORT,1584.0,74923.0,94889.0,76507.0,18382.0,80.63,19.37
493,2012,4,5.066666666666666,13.766666666666666,9.266666666666667,53.63333333333333,91,ESSONNE,10277.0,597251.0,767292.0,607528.0,159764.0,79.18,20.82
494,2012,4,5.7,13.8,9.6,67.5,93,SEINE-SAINT-DENIS,10104.0,533915.0,740536.0,544019.0,196517.0,73.46,26.54
495,2012,4,5.166666666666667,13.766666666666666,9.483333333333333,68.60000000000001,95,VAL-D'OISE,9752.0,532715.0,704810.0,542467.0,162343.0,76.97,23.03
496,2012,4,23.4,30.3,26.9,131.0,972,MARTINIQUE,12507.0,146270.0,302903.0,158777.0,144126.0,52.42,47.58
497,2012,4,23.25,30.875,27.05,434.5,973,GUYANE,1756.0,37412.0,76874.0,39168.0,37706.0,50.95,49.05
498,2012,4,24.700000000000006,29.775,27.25,116.5,974,LA REUNION,15303.0,364085.0,578409.0,379388.0,199021.0,65.59,34.41
499,2012,4,1.8,6.7,4.3,65.8,975,SAINT-PIERRE-ET-MIQUELON,99.0,2631.0,4923.0,2730.0,2193.0,55.45,44.55
500,2012,4,22.616666666666664,28.366666666666664,25.5,182.0,987,POLYNESIE FRANCAISE,2281.0,89819.0,186642.0,92100.0,94542.0,49.35,50.65
501,2012,4,24.6,27.4,26.0,0.0,988,NOUVELLE-CALEDONIE,2369.0,89259.0,165467.0,91628.0,73839.0,55.38,44.62
